0,-22
0,-22
0,-22
0,-22
0,-22
0,-22
0,-22
0,-22
0,-22
0,-22
0,-22
0,-22
0,-22
0,-22
0,-22
0,-22
0,-22
0,-22
0,-22
0,-22
0,-22
0,-22
0,-22
0,-22
0,-22
0,-22
0,-22
0,-22
0,-22
0,-22
0,-22
0,-22
0,-22
0,-22
0,-22
0,-22
0,-22
-34,-92
-34,-92
-34,-92
-34,-92
-24,-87
18,-66
18,-66
18,-66
18,-66
18,-66
18,-66
18,-66
18,-66
18,-66
18,-66
18,-66
18,-66
18,-66
18,-66
18,-66
18,-66
18,-66
18,-66
18,-66
18,-66
18,-66
18,-66
18,-66
18,-66
18,-66
18,-66
18,-66
-23,-66
-23,-66
62,-84
127,-97
123,-93
125,-93
126,-91
114,-62
114,-63
113,-46
110,-30
108,-24
112,-18
111,-14
119,-3
120,3
120,3
126,27
127,28
130,38
130,39
134,43
135,48
135,49
138,51
138,52
137,53
133,56
133,56
132,57
135,59
135,59
135,59
136,59
135,63
135,63
133,63
133,63
129,63
119,82
120,81
110,108
109,111
108,113
108,116
109,125
109,125
108,123
107,124
108,126
111,129
112,129
112,129
112,130
112,129
113,128
114,133
116,137
116,138
116,137
116,137
115,137
116,133
116,133
116,132
116,131
115,130
113,130
113,130
112,130
112,130
111,130
111,131
111,131
110,131
110,131
126,135
132,141
138,149
140,152
141,154
140,155
141,155
143,153
144,153
144,153
145,156
145,157
146,156
156,158
163,160
169,161
177,163
194,167
225,175
237,180
239,218
239,218
240,234
240,234
240,234
240,234
240,234
240,234
326,309
326,309
306,327
291,318
290,318
286,315
286,294
282,278
279,259
278,249
283,235
290,226
295,220
323,217
326,216
338,211
339,211
339,212
338,217
340,216
336,215
281,213
285,213
210,207
191,206
164,207
171,209
138,209
145,211
147,213
148,213
150,216
150,216
151,218
152,219
154,222
154,222
154,222
154,222
154,219
155,222
157,221
185,219
230,214
234,214
258,208
264,206
263,205
260,203
260,202
260,202
259,201
259,202
261,204
261,204
262,207
262,207
214,280
174,340
172,344
169,355
167,360
169,366
172,367
175,368
176,368
176,368
177,370
180,369
181,369
184,345
185,334
185,330
179,320
178,320
184,319
184,318
186,320
189,322
189,322
187,325
188,327
188,327
225,322
237,321
242,321
246,321
260,320
273,318
276,317
276,319
276,319
277,321
276,322
275,322
276,321
276,320
250,324
260,322
250,323
234,326
230,327
214,330
216,330
213,330
213,330
214,330
219,333
219,333
215,354
200,485
204,452
209,524
211,551
214,603
216,668
227,702
227,701
229,701
231,698
231,697
231,696
229,695
228,695
203,693
199,693
194,691
193,688
193,676
191,674
188,659
188,658
189,655
190,653
190,655
189,654
188,652
187,651
187,652
187,656
187,656
189,659
189,659
189,659
187,659
185,659
186,660
186,661
186,661
186,661
186,661
185,659
180,658
178,657
182,656
187,656
232,658
250,659
292,662
300,662
315,663
315,663
315,663
304,661
299,661
304,664
305,666
315,677
326,696
347,717
349,719
355,728
356,729
355,732
354,732
354,732
354,730
351,731
347,731
310,734
296,732
293,732
288,733
285,726
281,727
281,727
281,729
280,730
279,729
279,729
272,725
265,719
210,673
209,672
207,670
201,664
201,711
202,733
202,748
202,770
201,784
201,806
201,818
200,830
199,842
200,853
200,863
204,866
203,876
204,876
204,877
205,866
205,866
204,852
203,850
204,851
202,841
203,817
202,768
202,753
204,734
205,729
208,703
208,702
209,702
209,699
210,701
210,701
211,700
210,700
209,701
207,703
206,763
207,781
208,802
208,817
208,828
208,839
208,840
212,840
212,850
211,857
209,859
210,859
208,863
206,864
206,858
207,847
209,841
210,836
217,820
217,820
221,810
221,809
221,807
218,793
217,791
217,789
216,783
217,781
218,779
218,779
220,777
220,777
220,776
219,777
218,777
222,784
222,784
222,784
222,784
222,784
222,784
222,784
222,784
222,784
222,784
264,839
200,898
197,891
207,860
207,860
221,832
221,831
225,815
225,814
226,810
229,797
232,786
232,786
231,787
261,784
366,777
398,776
399,776
403,776
404,776
410,782
412,781
412,781
411,781
411,781
408,778
412,776
418,776
424,779
483,781
574,782
597,781
639,782
643,782
643,782
637,784
635,783
635,782
634,781
641,780
647,780
702,787
703,787
709,787
720,788
721,784
721,784
719,786
717,785
713,784
702,786
692,786
655,785
603,782
583,780
573,779
525,779
524,779
527,775
528,770
527,771
526,771
526,772
529,775
530,777
529,776
529,776
532,783
532,783
533,781
533,781
536,780
538,785
554,844
554,847
560,875
561,877
562,881
561,880
563,879
563,880
564,883
564,882
553,887
554,887
482,890
243,894
237,894
216,897
211,898
211,898
219,901
225,904
227,905
227,904
227,904
227,904
227,904
229,904
239,904
255,905
302,910
308,911
325,913
326,913
324,913
323,913
322,915
322,916
322,917
324,928
324,928
324,928
324,928
324,928
324,928
494,921
522,917
523,927
522,926
522,926
520,924
513,930
513,930
511,925
509,925
488,943
459,970
411,1014
288,1160
288,1160
256,1196
256,1196
210,1238
209,1239
210,1221
210,1221
210,1220
216,1214
216,1214
218,1214
220,1213
224,1210
227,1205
228,1204
234,1191
236,1188
235,1184
233,1172
218,1132
216,1122
216,1122
214,1116
214,1115
213,1114
215,1198
215,1265
215,1288
215,1333
216,1392
216,1422
216,1452
216,1452
216,1472
218,1511
219,1516
219,1528
220,1524
219,1523
220,1499
221,1497
222,1481
222,1475
223,1460
223,1459
221,1454
221,1453
224,1450
225,1448
225,1445
225,1442
225,1442
225,1442
222,1436
221,1434
219,1434
203,1434
199,1435
197,1537
197,1590
194,1631
193,1687
193,1728
193,1742
192,1748
192,1752
192,1752
194,1744
194,1746
194,1745
193,1740
193,1739
196,1725
196,1724
196,1719
197,1714
200,1712
200,1711
201,1710
196,1710
196,1709
198,1710
198,1710
197,1713
197,1712
196,1708
196,1704
194,1706
195,1712
194,1720
194,1721
195,1722
195,1722
195,1721
195,1721
195,1719
198,1712
200,1709
200,1708
201,1706
201,1706
200,1696
201,1695
201,1695
205,1686
241,1654
243,1654
248,1653
250,1652
250,1652
247,1653
243,1652
244,1659
249,1668
249,1668
249,1668
249,1668
249,1668
249,1668
249,1668
249,1668
249,1668
300,1741
286,1718
279,1727
277,1727
271,1722
273,1723
263,1696
261,1696
261,1695
261,1694
259,1689
261,1692
264,1691
266,1691
285,1690
316,1694
427,1702
439,1702
459,1702
462,1701
459,1697
459,1696
459,1696
459,1696
452,1693
421,1691
421,1691
337,1688
314,1688
307,1688
229,1685
229,1686
229,1685
230,1685
230,1685
230,1688
230,1688
230,1688
230,1689
230,1692
230,1692
231,1691
231,1690
230,1690
230,1690
230,1689
230,1689
231,1690
230,1691
229,1690
229,1690
228,1686
228,1687
228,1687
219,1681
219,1680
217,1678
217,1678
215,1678
215,1680
217,1681
217,1681
217,1681
219,1681
218,1680
218,1680
219,1679
218,1679
218,1679
217,1678
215,1676
213,1674
212,1672
212,1672
215,1672
247,1678
249,1679
255,1685
256,1685
255,1685
254,1684
254,1684
257,1681
257,1679
257,1679
256,1680
252,1684
252,1685
253,1685
253,1685
254,1686
254,1686
254,1686
255,1684
256,1684
258,1686
254,1685
250,1686
230,1697
231,1700
231,1700
230,1702
228,1705
229,1707
229,1707
237,1707
239,1708
240,1708
240,1708
243,1707
255,1706
300,1706
305,1705
307,1703
310,1702
312,1702
311,1703
312,1703
310,1701
310,1701
309,1703
309,1703
308,1703
309,1703
310,1704
314,1706
310,1702
310,1702
311,1703
311,1702
313,1702
313,1702
312,1701
312,1696
312,1696
311,1694
310,1693
310,1693
310,1693
309,1690
309,1690
309,1690
304,1692
303,1692
303,1691
297,1690
295,1689
292,1689
290,1688
288,1688
290,1688
288,1687
282,1688
274,1691
230,1702
227,1702
210,1710
209,1710
197,1715
198,1716
199,1716
200,1716
201,1716
201,1716
201,1716
201,1716
200,1717
199,1718
200,1719
203,1718
204,1717
202,1718
209,1717
218,1716
235,1714
247,1714
250,1714
253,1711
253,1712
254,1711
255,1711
255,1711
255,1711
254,1711
254,1712
254,1712
253,1713
253,1713
253,1713
251,1714
253,1713
242,1714
237,1714
224,1715
217,1717
217,1720
216,1719
216,1720
216,1720
216,1720
216,1720
215,1719
214,1719
214,1718
214,1718
214,1718
214,1718
214,1718
214,1717
215,1715
216,1713
215,1712
215,1712
217,1715
218,1716
218,1716
217,1716
239,1717
314,1713
316,1713
319,1712
319,1712
319,1699
319,1699
320,1702
328,1707
328,1707
328,1707
328,1707
328,1707
328,1707
328,1707
296,1847
341,1787
341,1787
331,1740
325,1738
319,1748
316,1752
317,1744
318,1734
324,1731
324,1729
322,1731
322,1730
323,1729
323,1732
366,1720
366,1715
377,1711
379,1704
380,1703
378,1698
378,1697
378,1698
378,1698
386,1701
387,1701
387,1701
387,1701
388,1702
388,1703
388,1703
388,1704
380,1706
373,1709
373,1709
366,1710
366,1710
363,1703
363,1703
363,1702
362,1702
362,1702
363,1702
363,1701
363,1698
364,1698
365,1698
365,1698
364,1698
364,1698
355,1701
371,1701
378,1700
383,1700
424,1701
426,1701
427,1702
427,1702
427,1702
426,1705
423,1707
423,1709
421,1711
422,1712
421,1714
422,1714
422,1714
426,1715
426,1715
427,1716
427,1716
430,1718
430,1718
430,1718
429,1718
429,1718
426,1718
426,1718
425,1717
425,1717
425,1711
426,1709
426,1709
419,1709
384,1706
384,1706
374,1707
373,1707
371,1709
371,1711
371,1711
370,1711
369,1711
370,1711
370,1711
365,1712
360,1712
325,1712
318,1711
315,1710
315,1710
306,1708
306,1708
307,1709
306,1709
307,1705
307,1705
307,1705
310,1706
312,1705
314,1706
315,1706
317,1706
319,1706
339,1709
341,1709
349,1709
349,1709
350,1707
350,1707
350,1709
350,1709
348,1710
348,1710
349,1709
345,1709
340,1709
323,1709
285,1709
270,1709
265,1710
255,1710
253,1708
253,1711
252,1710
252,1709
253,1709
251,1708
255,1710
245,1710
238,1710
224,1713
205,1714
204,1715
204,1714
204,1714
204,1712
204,1713
204,1712
203,1712
203,1711
203,1711
201,1709
290,1702
290,1702
296,1702
302,1702
309,1704
310,1705
313,1710
312,1709
311,1708
311,1708
310,1707
310,1707
310,1707
310,1707
308,1707
307,1707
308,1707
308,1707
307,1705
307,1704
305,1700
303,1699
299,1697
295,1697
295,1697
294,1696
293,1696
293,1696
294,1696
303,1698
306,1699
317,1701
323,1701
326,1699
327,1698
326,1699
326,1699
324,1700
322,1701
323,1704
323,1704
323,1704
323,1704
323,1704
323,1704
323,1704
323,1704
256,1778
259,1776
258,1772
259,1771
255,1767
251,1759
245,1735
240,1725
240,1720
241,1711
241,1710
245,1708
279,1699
311,1697
319,1698
323,1698
329,1698
332,1698
332,1698
331,1697
332,1696
332,1696
332,1695
332,1696
334,1700
348,1710
348,1713
347,1713
347,1713
347,1714
347,1714
348,1712
348,1712
350,1712
350,1712
351,1712
349,1714
349,1714
350,1713
351,1712
351,1712
351,1712
352,1711
352,1711
353,1711
423,1694
424,1694
425,1694
428,1692
428,1691
427,1689
426,1690
425,1688
425,1688
424,1688
424,1689
424,1688
425,1698
427,1702
427,1702
427,1702
429,1705
429,1706
426,1704
426,1704
425,1702
424,1698
426,1698
426,1699
424,1700
424,1700
424,1701
422,1701
422,1701
409,1704
408,1703
406,1703
406,1703
405,1703
404,1703
403,1703
400,1705
400,1705
400,1704
402,1699
417,1699
435,1699
464,1699
474,1699
494,1701
496,1703
496,1703
497,1703
494,1704
494,1704
495,1706
495,1706
495,1706
495,1706
494,1706
494,1705
494,1705
493,1702
493,1701
495,1701
496,1702
496,1703
496,1703
496,1703
496,1703
496,1703
495,1703
495,1705
499,1709
499,1709
499,1709
499,1709
499,1709
499,1709
499,1709
499,1709
560,1740
559,1714
564,1727
567,1730
566,1719
566,1694
567,1699
567,1701
566,1704
565,1704
565,1704
566,1700
566,1697
563,1692
561,1692
552,1692
535,1691
510,1690
494,1694
495,1696
495,1696
494,1693
494,1693
495,1692
495,1692
495,1692
495,1693
496,1692
496,1692
496,1692
497,1693
493,1693
491,1693
490,1694
490,1694
492,1695
495,1697
495,1697
485,1699
480,1700
470,1702
354,1709
209,1720
188,1723
157,1726
146,1729
147,1730
149,1732
151,1735
151,1736
150,1736
150,1735
150,1735
142,1739
142,1740
138,1742
137,1742
138,1744
138,1744
138,1746
140,1746
142,1746
144,1745
148,1743
148,1743
148,1743
147,1744
147,1744
145,1748
145,1748
144,1757
144,1757
149,1760
149,1761
148,1761
163,1765
193,1770
218,1774
228,1776
234,1778
238,1781
239,1781
239,1781
238,1783
237,1785
237,1785
235,1787
234,1786
234,1786
235,1787
235,1786
235,1786
234,1781
240,1778
297,1757
378,1727
398,1716
407,1711
412,1708
411,1702
411,1702
411,1702
411,1702
411,1703
408,1705
406,1707
406,1708
405,1714
408,1717
408,1716
408,1716
430,1712
443,1707
446,1706
455,1699
455,1699
455,1699
457,1701
457,1700
454,1700
453,1700
453,1700
452,1701
447,1701
448,1702
449,1702
458,1707
475,1715
482,1714
483,1714
483,1712
483,1712
483,1712
483,1712
482,1710
482,1710
483,1710
483,1710
485,1711
485,1714
485,1714
485,1714
485,1714
485,1714
485,1714
485,1714
485,1714
485,1714
485,1714
485,1714
485,1714
549,1834
549,1834
517,1785
501,1760
495,1728
494,1726
494,1752
493,1737
492,1739
490,1740
482,1745
427,1738
416,1733
353,1712
328,1705
327,1699
327,1699
330,1698
330,1697
332,1689
332,1689
332,1689
327,1689
324,1690
290,1693
250,1702
247,1703
237,1703
235,1703
237,1705
237,1704
237,1705
240,1706
240,1706
240,1707
240,1707
240,1707
242,1710
242,1710
243,1711
244,1712
245,1712
244,1712
244,1712
244,1713
244,1714
243,1714
243,1714
243,1714
243,1715
244,1715
244,1714
243,1714
237,1715
231,1717
214,1721
201,1725
198,1726
197,1731
197,1728
197,1730
198,1730
197,1731
197,1731
197,1733
197,1737
197,1756
198,1759
197,1776
200,1787
203,1788
203,1824
203,1837
202,1846
202,1865
201,1889
200,1911
199,1916
199,1927
198,1935
198,1942
199,1939
199,1939
198,1933
196,1932
193,1923
193,1922
192,1905
194,1898
198,1895
198,1895
198,1894
198,1894
203,1898
202,1908
233,1973
309,2160
309,2185
310,2207
311,2224
299,2251
300,2262
300,2263
300,2263
300,2263
300,2263
300,2263
300,2263
300,2263
300,2263
319,2346
261,2258
261,2258
261,2229
261,2229
255,2216
253,2213
252,2211
251,2211
250,2202
251,2220
251,2244
253,2276
255,2316
256,2376
258,2410
259,2423
260,2451
260,2459
260,2471
259,2472
259,2476
259,2476
257,2473
257,2471
259,2466
261,2458
261,2454
261,2454
260,2450
260,2450
261,2447
261,2447
262,2444
262,2443
263,2442
263,2442
263,2442
262,2444
262,2444
261,2444
261,2445
260,2445
257,2445
249,2411
249,2411
230,2247
229,2238
228,2232
228,2232
231,2236
231,2235
232,2235
234,2238
233,2237
231,2238
232,2239
231,2240
232,2240
239,2243
260,2263
271,2267
275,2269
272,2271
272,2271
270,2274
270,2274
272,2274
271,2274
273,2274
273,2274
274,2274
275,2275
276,2275
296,2266
322,2255
332,2250
341,2244
344,2242
344,2242
341,2243
341,2243
340,2245
340,2245
339,2247
339,2248
339,2250
339,2250
339,2253
340,2253
340,2253
340,2256
340,2256
340,2256
340,2256
340,2256
340,2256
340,2256
340,2256
308,2362
308,2362
304,2318
294,2317
293,2316
291,2304
290,2290
283,2185
283,2096
281,1989
283,1939
285,1850
285,1818
285,1804
284,1729
284,1729
281,1719
282,1699
283,1677
283,1661
281,1651
281,1642
281,1639
281,1635
281,1634
281,1635
281,1635
281,1630
281,1630
281,1629
281,1629
280,1628
280,1628
277,1508
248,1313
247,1209
246,1158
244,1115
245,1109
244,1105
244,1095
245,1089
245,1090
245,1095
244,1096
246,1102
246,1108
246,1108
248,1111
248,1113
248,1113
248,1114
248,1116
248,1116
248,1121
249,1125
252,1127
252,1127
251,1126
250,1127
238,1128
235,1113
220,1113
219,1108
198,1109
196,1106
197,1093
197,1090
196,1087
196,1085
196,1086
195,1083
195,1080
195,1079
195,1083
196,1083
196,1083
228,1095
270,1113
277,1116
290,1121
294,1123
294,1124
295,1123
294,1124
292,1129
291,1132
290,1132
290,1132
289,1137
296,1147
296,1147
296,1147
296,1147
296,1147
296,1147
296,1147
236,1280
260,1227
247,1232
237,1216
234,1187
230,1170
228,1159
228,1156
228,1156
234,1148
238,1143
238,1143
240,1140
246,1136
247,1136
251,1135
261,1134
273,1136
273,1136
275,1135
274,1135
275,1135
275,1135
209,1149
191,1158
190,1159
187,1159
186,1159
182,1162
182,1162
182,1162
182,1163
181,1163
181,1164
180,1165
190,1171
236,1182
243,1184
247,1187
255,1189
255,1190
251,1191
251,1192
251,1192
251,1192
252,1192
252,1192
250,1190
250,1189
250,1190
250,1191
251,1190
250,1190
251,1190
250,1190
283,1152
289,1143
289,1143
291,1136
291,1136
290,1136
290,1136
292,1136
292,1136
292,1137
292,1137
291,1138
291,1138
291,1138
290,1138
290,1139
286,1137
286,1136
285,1136
286,1136
290,1137
289,1138
270,1163
268,1166
258,1180
257,1182
253,1192
253,1192
252,1192
250,1187
251,1187
253,1187
253,1187
253,1187
252,1186
253,1186
253,1186
254,1186
254,1186
254,1189
254,1190
254,1190
254,1190
252,1189
252,1188
252,1188
252,1188
252,1188
252,1188
252,1188
252,1188
252,1188
252,1188
252,1188
241,1344
241,1344
240,1340
235,1294
235,1250
234,1242
234,1236
232,1196
233,1199
233,1200
233,1200
235,1183
236,1183
238,1182
242,1184
266,1188
269,1189
299,1194
308,1196
307,1198
304,1198
304,1197
304,1196
304,1196
303,1194
303,1194
304,1193
304,1193
304,1193
304,1194
304,1193
302,1193
301,1194
303,1194
304,1193
306,1194
306,1194
302,1194
286,1200
280,1203
279,1203
278,1203
275,1207
275,1207
275,1207
278,1206
279,1206
278,1206
275,1205
248,1205
253,1205
241,1208
239,1207
236,1207
239,1206
239,1206
240,1204
242,1204
241,1204
241,1204
240,1206
240,1206
240,1206
240,1206
238,1207
238,1207
238,1208
239,1210
239,1210
242,1213
241,1213
240,1213
241,1213
242,1214
243,1214
256,1213
280,1214
337,1212
341,1211
343,1211
343,1211
341,1210
340,1208
339,1208
339,1208
339,1217
339,1217
342,1225
342,1225
342,1225
342,1225
342,1225
342,1225
317,1362
356,1311
356,1311
357,1298
363,1251
364,1246
365,1244
366,1244
362,1225
367,1237
365,1234
365,1225
365,1209
366,1208
379,1205
396,1202
413,1198
413,1198
432,1196
432,1196
431,1195
430,1194
428,1192
428,1192
428,1191
428,1191
427,1191
426,1192
425,1193
426,1193
426,1193
425,1195
427,1195
443,1190
443,1190
443,1191
444,1193
444,1198
444,1199
444,1197
429,1209
385,1238
377,1243
374,1244
371,1246
370,1247
365,1250
365,1250
365,1251
365,1251
365,1251
369,1248
371,1247
370,1247
372,1249
381,1250
418,1253
429,1253
439,1257
443,1258
447,1260
445,1261
445,1261
444,1256
444,1256
445,1255
447,1255
480,1275
487,1280
512,1294
515,1296
518,1304
509,1307
471,1316
462,1319
458,1320
455,1321
455,1321
454,1318
454,1318
455,1316
455,1316
455,1315
456,1315
456,1316
457,1316
457,1315
429,1315
399,1315
328,1313
318,1313
310,1313
309,1313
306,1313
306,1313
308,1314
308,1314
306,1316
305,1317
308,1321
308,1321
308,1321
307,1323
306,1323
391,1318
493,1314
713,1309
718,1309
724,1310
721,1312
715,1315
715,1313
712,1312
711,1312
710,1311
710,1310
710,1310
711,1311
711,1311
755,1307
924,1294
928,1294
932,1294
940,1294
940,1293
940,1294
940,1295
938,1297
938,1297
934,1301
934,1301
934,1301
934,1301
934,1301
934,1301
933,1300
933,1300
933,1300
933,1300
933,1300
933,1300
933,1300
933,1300
933,1300
1279,1389
1275,1360
1275,1321
1274,1299
1279,1308
1278,1303
1278,1300
1279,1301
1279,1307
1281,1315
1291,1331
1292,1325
1287,1325
1286,1325
1278,1323
1277,1319
1277,1319
1278,1312
1281,1309
1282,1298
1282,1298
1281,1297
1282,1296
1282,1296
1302,1296
1332,1295
1349,1294
1365,1291
1367,1291
1370,1292
1371,1296
1371,1296
1371,1295
1371,1295
1370,1295
1369,1294
1367,1293
1366,1293
1366,1292
1363,1292
1357,1290
1356,1290
1351,1291
1317,1292
1281,1291
1247,1291
1247,1291
1200,1290
1194,1290
1193,1290
1193,1291
1183,1302
1183,1300
1183,1300
1183,1300
1183,1300
1183,1300
1183,1300
1183,1300
1328,1479
1249,1419
1222,1372
1205,1337
1196,1320
1214,1315
1208,1313
1214,1333
1204,1318
1204,1318
1201,1312
1204,1323
1208,1322
1208,1317
1207,1309
1204,1307
1203,1304
1203,1304
1200,1299
1196,1298
1172,1293
1170,1292
1149,1289
1143,1290
1147,1289
1147,1289
1142,1294
1154,1324
1158,1335
1158,1335
1158,1335
1158,1335
1158,1335
1158,1335
1158,1335
1158,1335
1158,1335
1158,1335
1158,1335
1158,1335
1198,1440
1200,1423
1204,1401
1205,1380
1203,1374
1202,1376
1199,1366
1197,1349
1193,1341
1188,1327
1186,1318
1184,1314
1185,1295
1185,1294
1186,1290
1188,1293
1189,1289
1222,1295
1222,1296
1276,1305
1282,1306
1294,1310
1300,1313
1287,1312
1308,1319
1306,1320
1306,1320
1305,1320
1305,1320
1303,1322
1297,1339
1297,1338
1297,1338
1297,1338
1297,1338
1297,1338
1297,1338
1297,1338
1297,1338
1422,1526
1346,1361
1323,1294
1324,1301
1322,1308
1313,1276
1311,1270
1308,1273
1310,1279
1303,1291
1301,1296
1301,1299
1301,1298
1301,1293
1303,1285
1301,1283
1299,1277
1298,1275
1297,1279
1297,1279
1298,1279
1299,1281
1301,1281
1302,1281
1307,1277
1311,1271
1311,1271
1315,1268
1318,1267
1320,1267
1322,1266
1326,1264
1328,1264
1330,1259
1333,1256
1335,1256
1337,1255
1340,1254
1342,1252
1344,1253
1345,1255
1345,1255
1344,1255
1344,1255
1344,1255
1345,1253
1345,1253
1345,1254
1343,1256
1343,1258
1343,1258
1341,1258
1335,1259
1334,1260
1340,1259
1361,1264
1382,1269
1395,1272
1404,1268
1408,1268
1413,1271
1413,1271
1411,1274
1403,1272
1394,1269
1394,1269
1394,1269
1394,1269
1394,1269
1394,1269
1394,1269
1394,1269
1394,1269
1394,1269
1394,1269
1394,1269
1394,1269
248,1477
242,1498
246,1494
243,1490
245,1478
248,1461
249,1458
253,1452
254,1445
254,1445
254,1445
264,1414
270,1403
271,1397
267,1395
265,1395
246,1392
233,1391
210,1390
188,1390
180,1391
180,1391
181,1391
181,1392
183,1394
183,1393
186,1396
187,1397
187,1398
187,1399
188,1401
188,1402
190,1403
190,1403
192,1403
202,1403
216,1404
240,1403
246,1403
271,1405
274,1405
278,1404
276,1404
274,1405
277,1406
277,1406
238,1406
235,1406
209,1411
203,1412
192,1412
186,1412
184,1411
178,1411
179,1412
186,1418
185,1419
185,1421
185,1421
185,1421
185,1421
185,1421
185,1421
185,1421
185,1421
185,1421
185,1443
303,1620
303,1662
296,1677
286,1709
287,1736
281,1747
280,1756
280,1746
278,1735
278,1722
278,1728
280,1706
282,1687
285,1666
285,1666
288,1652
288,1648
290,1638
290,1634
287,1627
276,1583
275,1579
274,1577
274,1577
266,1560
267,1561
267,1561
268,1561
266,1563
235,1585
210,1606
209,1608
204,1613
202,1616
204,1618
204,1619
204,1622
205,1625
205,1625
205,1624
204,1623
204,1623
203,1623
202,1622
202,1622
202,1620
203,1618
202,1618
202,1618
200,1624
208,1635
210,1637
223,1653
231,1663
240,1676
244,1683
246,1686
246,1685
245,1684
245,1684
245,1685
243,1686
242,1686
242,1688
242,1688
242,1688
242,1688
242,1688
242,1688
242,1688
242,1688
242,1688
242,1688
227,1828
227,1828
217,1820
214,1810
211,1800
199,1842
193,1858
192,1885
191,1907
186,1939
182,1979
187,2021
187,2041
188,2032
192,2022
194,2016
197,2023
198,2035
198,2041
196,2033
196,2037
196,2035
196,2037
199,2018
199,2015
198,2005
197,1997
197,1997
197,1996
196,1981
197,1977
199,1976
199,1976
200,2034
201,2090
201,2171
201,2256
201,2375
201,2415
201,2413
201,2413
201,2444
204,2480
207,2523
208,2543
208,2554
208,2565
207,2578
206,2581
205,2592
205,2594
202,2594
202,2595
202,2597
202,2597
201,2597
216,2594
237,2585
239,2584
246,2575
247,2575
248,2574
249,2568
250,2569
251,2567
253,2567
255,2568
257,2568
261,2576
265,2589
264,2593
265,2597
266,2597
266,2597
264,2594
264,2594
264,2594
265,2596
267,2595
276,2601
290,2608
293,2609
292,2611
284,2610
278,2612
264,2614
239,2620
231,2635
231,2639
229,2652
230,2671
229,2678
228,2697
227,2707
228,2711
226,2723
226,2722
226,2722
226,2720
226,2716
227,2711
226,2703
226,2701
226,2701
227,2695
227,2692
227,2689
227,2688
230,2680
238,2672
266,2640
269,2636
281,2626
287,2620
287,2620
288,2620
288,2620
288,2621
277,2649
234,2664
234,2669
197,2684
192,2687
181,2698
181,2705
181,2711
185,2715
185,2717
186,2716
187,2715
190,2707
191,2700
190,2698
192,2697
190,2692
217,2665
227,2656
228,2655
237,2645
237,2644
238,2637
238,2637
238,2637
237,2637
237,2637
238,2637
239,2637
239,2635
240,2635
239,2634
238,2633
234,2633
224,2635
224,2635
221,2637
219,2636
219,2636
219,2636
219,2636
219,2638
224,2639
233,2641
285,2643
286,2643
288,2642
290,2640
287,2639
287,2639
285,2642
285,2642
286,2643
286,2643
286,2646
286,2646
286,2647
288,2645
290,2646
318,2644
346,2643
370,2641
383,2643
392,2644
394,2644
392,2642
392,2642
390,2641
390,2641
390,2643
390,2649
390,2649
390,2649
390,2649
390,2649
390,2649
390,2649
582,2738
582,2738
572,2704
562,2686
562,2686
557,2660
558,2663
563,2655
564,2655
559,2662
559,2662
560,2667
559,2668
559,2670
558,2666
550,2652
549,2640
548,2638
546,2636
539,2632
533,2633
509,2630
508,2630
507,2628
507,2626
507,2626
507,2630
501,2631
493,2632
410,2641
353,2648
299,2656
284,2658
279,2659
280,2660
279,2662
282,2663
282,2663
283,2663
286,2665
287,2666
292,2664
293,2665
293,2665
290,2665
289,2665
287,2665
287,2665
283,2663
283,2664
284,2663
283,2663
283,2665
280,2667
274,2667
274,2667
266,2669
263,2670
256,2671
257,2670
258,2669
258,2669
256,2669
255,2669
256,2669
256,2669
256,2669
256,2670
255,2671
271,2672
271,2672
328,2674
329,2674
341,2673
341,2673
341,2671
338,2672
338,2678
337,2678
337,2679
335,2682
334,2682
335,2679
335,2679
331,2679
331,2679
330,2679
332,2680
331,2681
331,2682
330,2684
328,2684
306,2681
305,2681
299,2681
298,2682
299,2685
315,2686
313,2689
360,2683
379,2681
397,2680
399,2679
420,2677
423,2676
420,2675
420,2675
417,2676
413,2677
413,2677
368,2681
340,2683
317,2685
307,2686
306,2686
305,2686
304,2686
307,2684
309,2683
309,2683
312,2680
312,2679
311,2679
311,2679
312,2679
311,2683
312,2700
312,2704
311,2705
311,2711
310,2711
310,2712
310,2712
309,2713
305,2713
305,2713
274,2712
258,2711
256,2711
256,2711
257,2711
257,2714
256,2713
253,2713
250,2712
254,2714
254,2714
254,2714
254,2714
254,2714
254,2714
254,2714
254,2714
254,2714
299,2874
299,2874
281,2778
275,2759
278,2761
279,2761
284,2758
294,2743
296,2741
291,2747
300,2717
303,2709
303,2708
307,2699
307,2698
307,2698
305,2693
303,2691
303,2691
303,2692
304,2691
304,2691
325,2689
396,2685
400,2684
405,2683
411,2683
412,2683
411,2683
411,2683
411,2683
411,2683
412,2686
412,2702
414,2708
414,2715
415,2722
413,2735
315,2796
266,2834
212,2878
212,2889
193,2906
193,2917
200,2920
191,2936
190,2940
190,2943
193,2941
193,2943
193,2942
194,2935
196,2927
196,2926
196,2921
196,2919
194,2899
194,2897
193,2888
190,2858
189,2846
188,2840
188,2838
188,2833
188,2828
190,2824
189,2824
189,2824
189,2825
189,2825
189,2826
189,2827
189,2827
279,2824
293,2849
298,2868
302,2881
304,2896
305,2910
305,2921
306,2930
306,2940
305,2947
305,2955
304,2948
304,2949
303,2949
303,2949
303,2950
303,2950
303,2950
303,2950
303,2950
303,2950
303,2950
303,2950
303,2950
320,3001
311,2949
310,2932
278,2896
279,2896
288,2874
291,2872
295,2870
295,2865
294,2863
294,2861
293,2855
293,2855
286,2842
250,2874
239,2885
237,2893
215,2903
214,2910
214,2911
218,2915
218,2921
218,2924
218,2926
218,2927
217,2926
214,2919
214,2919
216,2913
216,2912
216,2911
216,2910
217,2908
217,2908
215,2902
215,2902
215,2902
216,2903
217,2904
216,2904
217,2905
218,2907
220,2908
220,2908
221,2909
227,2911
232,2913
252,2919
265,2921
281,2925
281,2925
282,2925
283,2926
284,2926
284,2926
284,2926
287,2929
287,2929
286,2929
285,2930
284,2929
284,2929
283,2928
283,2927
283,2926
282,2926
281,2924
282,2925
289,2929
289,2929
296,2932
298,2933
299,2935
299,2935
299,2935
299,2933
299,2932
299,2931
299,2928
299,2929
299,2929
298,2931
298,2931
294,2932
289,2923
267,2872
265,2865
261,2856
261,2855
261,2856
262,2858
262,2859
262,2859
261,2856
261,2855
262,2855
268,2857
269,2857
269,2857
269,2857
263,2856
263,2856
263,2857
258,2870
247,2911
245,2919
244,2921
245,2920
243,2924
244,2924
244,2924
245,2923
245,2923
244,2924
244,2924
243,2925
253,2924
310,2912
314,2908
317,2906
319,2904
320,2902
320,2900
319,2900
319,2900
319,2900
319,2902
319,2903
315,2903
314,2903
312,2906
315,2911
315,2911
315,2911
315,2911
315,2911
315,2911
315,2911
315,2911
315,2911
315,2911
291,3065
291,3065
261,3024
261,3024
244,2987
237,2978
246,2959
247,2956
266,2928
267,2927
268,2920
266,2917
269,2907
269,2907
268,2907
267,2906
267,2906
265,2906
265,2906
264,2897
262,2884
259,2845
255,2837
253,2837
253,2837
254,2836
254,2840
254,2841
255,2842
256,2842
258,2844
258,2844
269,2845
269,2845
303,2836
306,2835
318,2830
319,2829
319,2829
320,2829
319,2829
319,2827
319,2826
319,2827
319,2826
311,2835
306,2840
294,2856
231,2950
220,2966
213,2976
199,2991
197,2993
198,2994
199,2992
199,2991
200,2992
200,2993
201,2993
200,2993
187,3011
184,3017
184,3021
184,3021
181,3022
180,3022
180,3022
180,3022
180,3023
180,3023
180,3023
181,3022
183,3020
183,3020
182,3020
185,3022
188,3023
191,3033
191,3033
191,3033
191,3033
191,3033
191,3033
191,3033
191,3033
-58,3346
-58,3346
90,3148
105,3128
105,3128
133,3080
136,3073
143,3063
163,3025
164,3022
164,3020
165,3016
165,3016
165,3014
165,3033
165,3040
165,3050
166,3068
166,3073
164,3085
164,3105
163,3113
163,3127
163,3147
161,3168
160,3182
160,3191
160,3198
163,3195
165,3189
166,3182
166,3182
166,3183
164,3180
161,3178
161,3177
161,3177
160,3174
160,3172
161,3163
162,3158
163,3157
164,3153
165,3152
165,3152
167,3152
167,3151
168,3152
168,3152
170,3151
170,3151
170,3150
167,3150
168,3149
174,3132
188,3070
189,3066
193,3049
193,3046
194,3045
196,3045
198,3053
198,3058
198,3059
198,3065
198,3069
198,3070
196,3071
196,3071
196,3068
197,3063
201,3054
204,3051
204,3050
204,3051
204,3051
204,3051
201,3047
201,3047
202,3045
202,3045
201,3045
200,3045
200,3045
201,3045
201,3045
199,3045
198,3044
194,3043
187,3040
180,3038
177,3037
177,3038
177,3038
173,3036
173,3036
173,3037
173,3037
173,3037
173,3037
175,3037
178,3037
188,3038
195,3040
198,3040
197,3039
197,3037
198,3038
197,3037
195,3036
195,3036
196,3036
196,3036
195,3036
192,3036
180,3037
172,3036
172,3035
172,3035
174,3034
174,3036
174,3035
172,3037
173,3037
174,3041
174,3041
174,3042
174,3036
174,3036
174,3036
174,3036
174,3036
174,3035
175,3035
175,3032
175,3034
176,3033
176,3032
176,3032
176,3033
176,3038
176,3038
180,3038
198,3034
198,3034
201,3031
199,3031
199,3032
199,3032
198,3031
198,3031
199,3032
200,3033
202,3034
200,3035
200,3036
201,3037
201,3037
203,3035
205,3035
237,3036
240,3036
258,3035
260,3035
276,3036
276,3036
278,3038
277,3038
277,3038
277,3038
274,3042
274,3043
274,3042
275,3041
275,3041
275,3041
276,3042
277,3047
277,3052
277,3052
277,3052
277,3052
277,3052
277,3052
277,3052
277,3052
277,3052
277,3052
279,3169
279,3169
306,3091
323,3080
325,3085
326,3084
326,3080
327,3077
332,3054
333,3052
334,3043
335,3039
332,3038
332,3043
332,3043
330,3039
328,3035
328,3037
328,3037
327,3036
328,3037
329,3036
329,3036
328,3036
329,3037
329,3037
346,3040
383,3040
390,3040
401,3041
414,3042
415,3043
414,3043
414,3043
416,3044
416,3044
415,3045
415,3045
416,3046
425,3047
470,3052
472,3052
472,3052
473,3052
473,3051
470,3049
471,3049
471,3048
470,3048
470,3048
470,3048
470,3048
470,3048
470,3050
382,3054
244,3074
242,3074
240,3071
235,3069
233,3069
235,3062
236,3063
235,3065
235,3066
235,3066
237,3071
237,3071
237,3071
237,3071
237,3071
237,3071
237,3071
237,3071
237,3071
237,3071
262,3138
271,3087
254,3085
245,3104
190,3110
192,3108
196,3096
196,3096
195,3068
195,3068
197,3068
195,3063
194,3063
192,3060
192,3061
191,3060
190,3059
192,3060
193,3059
193,3060
192,3061
192,3060
192,3060
193,3058
193,3058
192,3058
192,3057
192,3057
192,3057
192,3058
197,3057
196,3055
242,3054
310,3051
324,3050
331,3050
338,3049
347,3050
346,3055
348,3057
349,3059
349,3060
349,3059
349,3060
350,3059
351,3060
351,3060
351,3062
351,3061
347,3062
345,3065
338,3068
334,3068
333,3070
333,3071
334,3073
333,3071
333,3071
332,3071
332,3073
332,3073
339,3075
414,3075
414,3075
435,3072
445,3072
459,3074
476,3074
481,3073
480,3071
480,3071
479,3071
479,3071
478,3070
478,3070
477,3070
478,3070
478,3069
479,3066
476,3062
474,3059
472,3053
470,3048
469,3041
470,3042
471,3042
472,3040
474,3041
474,3041
474,3041
473,3041
470,3044
470,3044
469,3043
464,3041
467,3042
461,3040
438,3044
435,3045
429,3051
421,3051
422,3046
422,3045
423,3049
424,3047
424,3047
426,3046
425,3048
425,3047
419,3046
401,3042
387,3039
354,3035
313,3030
302,3029
227,3021
226,3025
228,3027
228,3026
228,3026
227,3027
223,3024
206,3022
202,3021
199,3020
187,3019
186,3024
183,3020
182,3017
183,3013
184,3012
183,3013
183,3020
186,3031
186,3031
186,3031
186,3031
186,3031
186,3031
186,3031
186,3031
186,3031
108,3485
108,3485
213,3233
220,3216
215,3176
206,3182
205,3184
208,3178
211,3170
209,3156
210,3162
212,3138
212,3138
215,3120
216,3116
219,3111
219,3111
218,3110
218,3110
216,3122
216,3122
216,3117
216,3162
217,3229
219,3402
219,3417
219,3430
219,3431
219,3432
219,3434
219,3434
219,3434
218,3430
218,3429
215,3427
215,3427
215,3427
214,3427
214,3428
212,3434
207,3445
205,3443
205,3443
205,3444
205,3446
206,3448
206,3448
206,3448
206,3448
206,3446
205,3447
205,3447
203,3445
201,3441
198,3417
198,3421
198,3402
198,3395
198,3388
199,3372
197,3370
198,3368
199,3367
199,3367
198,3368
198,3368
198,3368
196,3363
195,3359
192,3258
194,3175
208,2972
209,2968
210,2963
212,2966
214,2974
214,2973
210,2979
210,2979
211,2981
211,2982
211,2988
211,2992
210,2994
209,2993
210,2997
210,3000
210,3003
210,3007
210,3011
209,3018
208,3025
208,3028
208,3030
208,3034
208,3036
208,3039
208,3046
208,3048
208,3052
208,3054
208,3058
208,3058
208,3059
208,3059
231,3399
229,3379
228,3381
222,3432
221,3431
222,3428
226,3400
226,3398
219,3380
220,3378
229,3352
224,3363
232,3347
235,3335
232,3333
230,3333
230,3333
224,3341
209,3359
201,3364
198,3369
198,3370
198,3371
201,3372
201,3372
199,3373
199,3373
195,3374
193,3374
193,3374
190,3376
189,3376
189,3377
188,3378
196,3391
196,3391
215,3461
216,3464
217,3472
217,3473
214,3470
214,3470
214,3469
214,3468
214,3468
210,3467
209,3467
209,3467
209,3470
209,3494
209,3502
210,3509
210,3517
209,3530
210,3538
210,3546
210,3550
209,3553
210,3557
211,3558
211,3563
211,3567
211,3573
211,3577
211,3578
211,3579
211,3579
211,3579
211,3579
153,3755
153,3755
160,3737
164,3733
196,3727
195,3711
204,3694
204,3693
211,3683
216,3667
214,3666
206,3671
198,3673
197,3671
197,3688
195,3712
197,3731
199,3744
199,3800
199,3834
200,3850
200,3877
200,3890
200,3905
200,3905
201,3902
200,3890
200,3888
200,3888
200,3878
201,3877
204,3858
204,3857
206,3845
206,3845
206,3832
205,3832
206,3829
205,3828
205,3831
206,3829
206,3831
206,3832
205,3833
207,3827
207,3861
208,3869
230,3878
317,3865
320,3884
328,3894
330,3905
332,3903
333,3900
334,3899
334,3898
335,3896
335,3895
334,3890
334,3887
334,3882
334,3880
332,3874
329,3862
329,3862
330,3855
330,3854
330,3855
328,3854
326,3850
300,3827
262,3783
252,3771
234,3747
234,3747
186,3684
187,3686
187,3685
186,3683
186,3685
184,3693
184,3693
184,3693
184,3693
184,3693
184,3693
184,3693
184,3693
184,3693
133,4408
133,4408
133,4408
174,4083
174,4083
193,3745
205,3670
205,3664
206,3656
202,3671
198,3677
197,3677
198,3678
198,3680
193,3685
191,3671
195,3651
196,3647
195,3643
196,3643
195,3644
192,3647
193,3648
193,3649
193,3649
193,3649
194,3649
194,3644
194,3644
193,3644
193,3643
193,3643
194,3642
196,3643
196,3643
197,3643
197,3646
197,3647
195,3653
191,3655
192,3654
192,3655
193,3656
194,3659
196,3662
195,3662
196,3663
192,3663
192,3662
191,3661
196,3677
198,3683
203,3692
226,3729
231,3736
233,3740
264,3789
265,3790
264,3791
264,3792
264,3792
265,3792
267,3790
271,3779
275,3770
278,3765
281,3752
278,3751
278,3750
281,3749
281,3749
279,3749
275,3749
220,3746
211,3746
201,3745
187,3745
171,3745
168,3747
171,3749
176,3747
175,3749
173,3749
179,3749
190,3748
217,3749
275,3748
294,3748
301,3749
304,3749
315,3750
325,3750
370,3751
541,3752
883,3747
911,3746
930,3746
939,3745
942,3742
940,3741
941,3740
933,3741
932,3741
933,3739
932,3738
929,3736
929,3736
925,3737
925,3737
918,3735
876,3725
841,3717
841,3717
823,3713
820,3711
820,3709
820,3710
819,3708
820,3708
832,3726
832,3726
832,3726
832,3726
832,3726
832,3726
832,3726
832,3726
886,3704
894,3690
894,3690
894,3699
895,3686
895,3686
898,3701
909,3715
909,3714
909,3713
902,3688
902,3686
896,3671
894,3668
892,3666
892,3668
892,3667
892,3667
892,3667
893,3674
892,3679
888,3690
882,3700
875,3709
877,3708
872,3718
872,3718
875,3719
875,3718
874,3718
875,3719
872,3720
870,3721
873,3723
873,3725
873,3725
874,3725
875,3726
873,3726
874,3727
880,3729
891,3729
928,3731
938,3730
947,3728
952,3727
952,3727
952,3725
951,3725
948,3726
948,3727
947,3728
929,3731
925,3731
710,3735
301,3756
289,3758
282,3759
274,3759
274,3763
273,3769
281,3769
282,3769
285,3772
286,3772
286,3771
286,3770
286,3769
286,3769
286,3769
290,3770
290,3770
292,3770
292,3770
288,3773
288,3773
288,3776
288,3776
288,3776
289,3778
291,3787
291,3787
298,3800
298,3800
298,3800
298,3800
298,3800
1113,4281
1263,4358
1123,3963
1125,3977
1001,3806
997,3805
997,3805
974,3781
961,3791
961,3791
960,3787
955,3785
955,3785
960,3783
960,3783
965,3781
964,3774
964,3774
960,3767
960,3764
960,3764
960,3764
961,3761
961,3761
959,3761
950,3756
945,3752
940,3751
940,3751
939,3751
938,3751
938,3751
938,3751
938,3752
939,3753
939,3753
939,3754
939,3757
940,3756
940,3757
942,3757
928,3757
883,3762
879,3763
869,3764
866,3764
865,3764
868,3760
868,3760
871,3757
871,3757
870,3758
877,3758
909,3759
919,3762
922,3762
926,3763
926,3763
926,3764
926,3764
926,3764
926,3764
925,3765
924,3765
922,3767
917,3770
917,3770
917,3770
917,3770
917,3770
833,3860
822,3874
881,4031
908,4101
903,4083
903,4083
823,3923
818,3851
825,3821
825,3818
825,3813
841,3789
842,3788
842,3787
841,3777
841,3780
844,3778
844,3778
879,3772
918,3765
934,3761
939,3760
943,3759
945,3758
944,3757
944,3757
944,3757
944,3757
946,3759
947,3759
948,3759
950,3759
950,3757
858,3760
834,3760
528,3758
393,3760
278,3767
273,3768
267,3770
259,3771
272,3777
271,3776
279,3779
280,3779
280,3780
280,3780
279,3780
279,3781
280,3782
285,3785
284,3785
285,3785
285,3785
286,3785
287,3784
287,3784
287,3784
289,3785
290,3785
290,3785
291,3787
289,3792
288,3792
288,3789
285,3789
280,3791
257,3796
209,3804
187,3808
179,3812
179,3814
178,3815
176,3817
177,3819
173,3826
173,3826
173,3826
173,3826
173,3826
173,3826
173,3826
173,3826
173,3826
146,4022
154,3961
115,3937
107,3941
116,3928
115,3928
138,3883
141,3873
143,3862
177,3805
180,3803
196,3794
269,3764
278,3760
292,3751
307,3744
306,3742
301,3740
302,3740
300,3738
300,3738
293,3738
301,3738
303,3738
671,3737
891,3737
898,3737
903,3737
907,3737
907,3737
909,3735
908,3735
905,3734
904,3735
905,3735
905,3735
943,3742
943,3742
945,3742
949,3740
954,3740
954,3740
953,3738
953,3738
953,3738
951,3738
950,3738
949,3737
949,3735
950,3735
950,3735
955,3735
954,3736
954,3736
952,3736
952,3736
892,3736
828,3737
600,3744
257,3766
240,3768
236,3770
218,3771
221,3777
222,3781
228,3782
232,3782
234,3781
235,3781
239,3781
241,3781
241,3781
243,3782
242,3782
236,3787
230,3788
208,3793
201,3794
188,3795
167,3797
169,3796
167,3797
169,3796
172,3799
172,3800
174,3799
175,3800
175,3800
176,3802
176,3802
176,3802
174,3807
176,3815
178,3822
178,3822
178,3822
178,3822
178,3822
178,3822
178,3822
178,3822
178,3822
178,3822
178,3822
373,3866
365,3852
353,3833
353,3833
359,3828
356,3830
358,3832
357,3832
352,3833
349,3834
349,3834
344,3843
394,3831
433,3823
433,3823
488,3806
504,3800
504,3800
510,3793
509,3784
509,3784
507,3784
508,3785
526,3788
531,3789
542,3788
551,3787
552,3787
553,3786
553,3783
552,3783
553,3782
553,3783
554,3782
564,3782
637,3785
866,3787
887,3787
897,3787
920,3786
914,3786
912,3785
906,3783
905,3783
905,3783
905,3784
905,3787
902,3788
889,3789
862,3788
858,3788
843,3789
841,3789
831,3790
829,3790
828,3791
829,3793
831,3794
831,3794
832,3794
832,3794
832,3794
834,3792
834,3792
839,3791
944,3792
1143,3790
1154,3790
1164,3789
1171,3789
1171,3790
1171,3790
1169,3791
1168,3791
1166,3788
1164,3788
1164,3788
1152,3787
1130,3785
1125,3787
1122,3788
1121,3789
1120,3790
1121,3789
1121,3791
1122,3791
1122,3791
1123,3791
1121,3790
1119,3789
1110,3788
1073,3787
1054,3786
1049,3785
1042,3784
1042,3784
1041,3782
1041,3782
1041,3781
1041,3781
1042,3781
1042,3781
1043,3779
1043,3779
1044,3778
982,3782
970,3783
714,3784
538,3791
483,3796
454,3800
448,3802
441,3801
451,3803
451,3803
456,3798
456,3797
455,3798
455,3797
454,3798
456,3798
456,3798
464,3797
469,3796
521,3795
553,3796
560,3797
564,3797
570,3798
572,3798
570,3798
570,3799
567,3798
567,3799
564,3822
590,3851
590,3851
590,3851
612,3896
1162,4384
1507,4683
1403,4286
1299,3915
1272,3867
1264,3856
1250,3835
1203,3788
1204,3791
1206,3795
1225,3829
1224,3831
1227,3831
1228,3829
1228,3828
1228,3816
1228,3806
1230,3792
1230,3792
1214,3792
1172,3789
1167,3788
1148,3786
1136,3784
1134,3784
1126,3784
1126,3784
1125,3784
1125,3784
1125,3784
1122,3788
1119,3787
1083,3786
1070,3785
1073,3784
1074,3782
1073,3782
1074,3781
1074,3781
1074,3780
1074,3780
1074,3780
1076,3781
1077,3781
1077,3781
1077,3780
1077,3780
1076,3779
1076,3779
1076,3781
1076,3781
1076,3781
1076,3781
1076,3781
1076,3781
1075,3780
1075,3780
1073,3780
1073,3780
1070,3785
1071,3785
1071,3785
1079,3788
1065,3789
982,3792
690,3807
584,3818
558,3821
519,3826
507,3827
497,3831
493,3832
493,3833
493,3833
495,3832
495,3832
495,3832
495,3832
495,3832
495,3832
495,3832
495,3832
495,3832
299,4002
289,4018
286,4009
286,4009
284,3993
285,3980
287,3942
287,3930
279,3927
279,3927
286,3923
286,3923
284,3949
284,3948
285,3941
285,3940
285,3935
294,3930
294,3930
294,3926
239,3940
227,3942
220,3943
203,3941
202,3941
203,3936
205,3936
205,3933
206,3931
206,3929
206,3926
208,3923
208,3922
208,3921
209,3920
211,3919
211,3920
211,3920
211,3920
212,3925
212,3930
256,3936
299,3938
303,3938
305,3938
312,3938
313,3941
316,3940
318,3942
318,3943
318,3943
315,3944
313,3945
315,3944
316,3945
320,3950
315,3949
289,3943
275,3941
268,3940
237,3934
236,3934
236,3934
236,3934
236,3933
236,3933
237,3937
238,3938
238,3939
239,3939
243,3941
243,3941
243,3941
243,3942
237,3941
238,3941
245,3942
385,3943
585,3945
777,3946
786,3945
785,3945
796,3942
797,3941
801,3941
799,3940
798,3940
796,3939
796,3938
793,3936
793,3936
794,3935
802,3934
806,3933
815,3933
853,3927
886,3920
896,3917
896,3916
896,3916
901,3917
900,3921
899,3920
899,3920
899,3920
899,3920
899,3920
899,3920
899,3920
899,3920
899,3920
899,3920
899,3920
241,4163
241,4163
241,4168
241,4168
239,4157
237,4141
237,4128
237,4127
238,4127
239,4117
240,4120
240,4114
241,4108
241,4106
241,4099
239,4112
239,4112
225,4191
225,4191
224,4194
224,4192
225,4185
228,4176
228,4171
228,4171
229,4171
229,4168
230,4167
227,4172
224,4171
224,4171
224,4171
224,4171
224,4171
224,4171
224,4171
224,4171
224,4171
224,4171
224,4171
224,4171
224,4171
224,4171
224,4171
235,4452
235,4452
223,4375
210,4277
200,4263
189,4260
182,4255
172,4261
171,4260
175,4248
174,4248
171,4228
171,4227
171,4223
171,4224
171,4223
171,4222
175,4220
175,4218
173,4208
173,4203
171,4202
172,4199
172,4197
171,4197
314,4205
438,4210
743,4206
790,4199
827,4196
842,4195
856,4195
857,4078
845,3963
844,3848
765,3683
748,3501
587,3284
521,3213
487,3081
487,3011
467,2909
471,2919
472,2772
472,2731
473,2672
474,2625
474,2598
473,2568
469,2533
469,2514
468,2488
468,2488
468,2456
463,2444
461,2436
463,2237
464,2116
464,1994
469,1851
469,1851
469,1791
468,1706
468,1573
466,1501
465,1402
465,1331
464,1229
462,1171
461,1170
462,1081
462,976
462,910
461,866
456,842
448,788
417,730
360,620
300,506
257,415
241,375
238,354
239,343
241,344
242,339
243,237
243,147
242,149
242,149
245,152
245,152
244,151
245,152
243,152
243,153
243,153
240,163
240,165
239,166
235,162
237,161
233,160
205,150
205,150
168,136
156,130
154,129
153,128
154,128
154,127
154,125
154,124
154,123
152,125
151,124
151,124
152,122
153,115
163,91
165,86
171,74
174,76
174,75
175,74
176,75
182,80
182,81
184,82
183,82
183,83
184,85
181,88
186,105
186,105
186,105
186,105
186,105
186,105
186,105
186,105
53,339
53,339
52,321
51,301
52,241
53,243
61,211
87,166
110,116
118,100
118,100
123,48
126,36
130,34
130,34
133,34
133,35
138,38
147,45
150,47
157,54
158,57
159,58
161,62
162,65
165,76
165,76
167,83
168,84
168,84
169,91
170,91
177,97
180,100
187,106
191,120
196,121
200,116
198,111
198,104
198,104
195,101
195,100
196,97
196,97
196,94
195,89
189,77
187,96
187,96
187,96
187,96
187,96
187,96
187,96
187,96
187,96
187,96
187,96
187,96
118,672
110,730
105,769
114,727
155,559
160,543
170,520
173,514
186,493
180,501
191,486
191,483
193,479
196,468
201,457
201,454
202,448
202,445
202,445
205,444
205,444
205,443
205,443
204,442
224,441
251,438
297,433
314,431
316,431
323,430
322,431
321,432
321,433
320,434
319,432
319,432
321,434
335,432
344,430
570,342
807,256
1113,150
1362,82
1432,72
1480,61
1495,13
1526,26
1546,48
1555,48
1558,45
1559,45
1563,28
1563,31
1567,18
1570,11
1589,-26
1591,-31
1564,-3
1550,14
1535,31
1548,30
1558,30
1584,23
1588,23
1607,2
1612,-13
1622,-37
1619,-29
1603,-39
1602,-42
1601,-42
1602,-42
